Book Title,Book Author,Book Description,Image URL
Nodejs with KOA2," Amin B Nagpure | Web Design 				Rating:      Rated: 0 times 				Format: PDF, ePub, Kindle ","This is the only ebook available on the subject Nodejs with koa2this ebook contains code which worksand how to learn nodejs faster and easy wayafter reading this ebook you will be develop web apps, using Async and Await, no more call backsand also you will be able to host websites on windows iis",https://www.free-ebooks.net/web-design/Nodejs-with-KOA2
A Field Guide to Freelancer Finances," FreeAgent | Web Design 				Rating:      Rated: 4 times 				Format: PDF, ePub, Kindle ","A Field Guide to Freelancer Finances is a free book of practical finance tips by leading designers, developers and FreeAgent.",https://www.free-ebooks.net/web-design/A-Field-Guide-to-Freelancer-Finances
17 SEO Myths You Should Leave Behind in 2016," Ally Digital Media | Web Design 				Rating:      Rated: 1 times 				Format: PDF, ePub, Kindle ","Started in 2013, Ally Digital Media have helped over 1200+ startup business to grow their business online and is one of the top seo company in Mumbai and India who strongly follows the mission of Digital India laid down by Shri. Narendra Modi and provides cost-effective branding solutions for...",https://www.free-ebooks.net/web-design/17-SEO-Myths-You-Should-Leave-Behind-in-2016
How to: Create You Own Website ( Easy!)," Taylor Conrad | Web Design 				Rating:      Rated: 3 times 				Format: PDF, ePub, Kindle ","A step by step guide on how you can create and start your very own personal website. This is ideal especially for anyone who wants to have an online presence such as anybody who wants to start a blog, do freelance work, build a brand and also become a part of social media. There are many people...",https://www.free-ebooks.net/web-design/How-to-Create-You-Own-Website-Easy
17 SEO Myths," Ally Digital Media | Web Design 				Rating:      Rated: 0 times 				Format: PDF, ePub, Kindle ","To say SEO has ""changed a lot"" would be the understatement of the decade. We'll often see multiple updates per year from Google, including this year's mobilegeddon update from Spring 2015. Not to mention how Google's Panda, penguin, and Hummingbird updates totally shook up the world of SEO...",https://www.free-ebooks.net/web-design/17-SEO-Myths
Animationsvideo - E-bog, Animation Mu | International 				Rating:      Rated: 0 times 				Format: PDF ,Ebook in danish about explainer videos. Here you can read about tips and tricks and also read about a customer case where the customer went from 0 to 20 leads... see more at http://animation.mu,https://www.free-ebooks.net/international/Animationsvideo-E-bog
17 Most Common Website Mistakes," Rajat Arora | Web Design 				Rating:      Rated: 6 times 				Format: PDF, ePub, Kindle ","Last month, I reviewed over 180  websites. It was tasking, but the findings have been worth every minute spent. I ended up realizing that most website mistakes follow a similar pattern. With this e-book, I want to help you look in the right direction.",https://www.free-ebooks.net/web-design/17-Most-Common-Website-Mistakes
Delsu Blog: Guide to Blogger," George Emmanuel | Web Design 				Rating:      Rated: 2 times 				Format: PDF, ePub, Kindle ",A beginners to pro guide on how to create and monetize a blogger blog.,https://www.free-ebooks.net/web-design/Delsu-Blog-Guide-to-Blogger
How to Make a $3000 Professional Looking Small Business Website from Scratch," Van Miller | Web Design 				Rating:      Rated: 4 times 				Format: PDF, ePub, Kindle ","Congratulations! You just found the ultimate beginners website developers, easy to follow step by step guide. Learn how to make a professional website in few hours or even less. Optimize it for the search engines and bring visitors to it. This guide will help you save not just tons of time, but...",https://www.free-ebooks.net/web-design/How-to-Make-a-3000-Professional-Looking-Small-Business-Website-from-Scratch
How To Build A Website Using WordPress," Martie | Web Design 				Rating:      Rated: 6 times 				Format: PDF, ePub, Kindle ","Ever wanted your own website?

Did you get put off the idea because you don't know html?

Or was it the idea of paying someone thousands of dollars to build it for you?

Whatever it was, I have the answer for you... 

BUILD IT YOURSELF USING THIS STEP BY STEP GUIDE!

You do NOT need any...",https://www.free-ebooks.net/web-design/How-To-Build-A-Website-Using-WordPress
Everything There is to Know About Logo Design," Blue Soda Promo | Web Design 				Rating:      Rated: 2 times 				Format: PDF, ePub, Kindle ","Learn the basics of what a logo is, the rules of creating a logo and other things to consider like color and typography. Find out what type of things you should try and avoid and take a look and some awesomely bad design. A great logo is the first step to a great brand so don't ignore...",https://www.free-ebooks.net/web-design/Everything-There-is-to-Know-About-Logo-Design
Joomla 3 Newbie Guide," Chandan Kumar | Web Design 				Rating:      Rated: 3 times 				Format: PDF, ePub, Kindle, TXT ","I am excited to share with you all my initial book on Joomla 3. It's offered for complimentary and you'll be able to download from below. I feel this may assist you in Joomla arena!
My first Book ""Joomla! 3 Newbie's Guide"", this book provides website designer and administrator with the knowledge...",https://www.free-ebooks.net/web-design/Joomla-3-Newbie-Guide
Build and Design a Website (HTML & CSS)," Jason Smith | Web Design 				Rating:      Rated: 27 times 				Format: PDF, ePub, Kindle ","If you can use a word processor, you can probably build a website. ""Build And Design A Website"" will teach you how to build a website using HTML and CSS. This guide uses straight-forward language and examples. Unlike other books, ""Build And Design A Website"" has been designed for computer...",https://www.free-ebooks.net/web-design/Build-and-Design-a-Website-HTML-CSS
The Ogbonge “Blogger’s Guide”," Jide Ogunsanya | Web Design 				Rating:      Rated: 2 times 				Format: PDF, ePub, Kindle, TXT ",An easy step by step guide to setting up a blogger blog for high monetization.,https://www.free-ebooks.net/web-design/The-Ogbonge-Blogger-s-Guide
Design Your Own Website With WordPress," Babbat | Web Design 				Rating:      Rated: 12 times 				Format: PDF, ePub, Kindle, TXT ",Design your own WordPress website offline and upload the website online when done. Step by Step instructions.,https://www.free-ebooks.net/web-design/Design-Your-Own-Website-With-WordPress
Word Press for Beginners: Easy as 1-2-3," Nico Julius | Web Design 				Rating:      Rated: 15 times 				Format: PDF, ePub, Kindle, TXT ","This e-book covers everything you need to get started with WordPress 3.4: installing WordPress, configuring WordPress, choosing a theme, adding content and a fine list of great plugins! All that combined with some useful tips!",https://www.free-ebooks.net/web-design/Word-Press-for-Beginners-Easy-as-1-2-3
Design Your Imagination," Webguru India | Web Design 				Rating:      Rated: 17 times 				Format: PDF, ePub, Kindle, TXT ",A complete and comprehensive guide on website design suitable for freshers and expert web designers.,https://www.free-ebooks.net/web-design/Design-Your-Imagination
Comprehensive Guide on Photo Editing Business," Debjani Roy | Web Design 				Rating:      Rated: 11 times 				Format: PDF, ePub, Kindle, TXT ","This free Photo Editing Business eBook is the outcome of the joint effort of our online marketing experts and photo editing professionals. We have tried to make this ebook as informative and useful as possible by adding latest information about photo editing business. In short, you will find all...",https://www.free-ebooks.net/web-design/Comprehensive-Guide-on-Photo-Editing-Business
Who Looks for HostingTips?," Lee Creek | Web Design 				Rating:      Rated: 5 times 				Format: PDF, ePub, Kindle, TXT ","This FREE eBook contains exclusive material and valuable advice on finding the right hosting provider, selecting a domain name for your site, and starting re-sell hosting services. Download it now!",https://www.free-ebooks.net/web-design/Who-Looks-for-HostingTips
The Insider Secrets to Making Big Profits With Re-Sell Rights," ResellRightsBlowout.com | Web Design 				Rating:      Rated: 3 times 				Format: PDF, ePub, Kindle, TXT ","Discover how you can build an instant Internet information empire by using the power of re-sell rights! Download this eBook now, and learn how!
",https://www.free-ebooks.net/web-design/The-Insider-Secrets-to-Making-Big-Profits-With-Re-Sell-Rights
Articles by Autoresponder," Tracie Johansen | Web Design 				Rating:      Rated: 26 times 				Format: PDF, ePub, Kindle, TXT ","Articles by Autoresponder, available for use on your website! Download now! ",https://www.free-ebooks.net/web-design/Articles-by-Autoresponder
Web Page Design in 7 Days," Siamak Sarmady | Web Design 				Rating:      Rated: 6 times 				Format: PDF, ePub, Kindle, TXT ","This FREE, ready for download eBook includes a Web design course that will guide you in creating your own Web page in just seven (7) days! Download now!",https://www.free-ebooks.net/web-design/Web-Page-Design-in-7-Days
How to Create a Blog with Your own Domain in 45 Minutes Even if you Have Zero web Design Experience," Carol Chan | Web Design 				Rating:      Rated: 27 times 				Format: PDF, ePub, Kindle, TXT ","A FREE, ready for download eBook that includes step-by-step  instructions on creating a blog with your own domain name and making money from it. Download now!",https://www.free-ebooks.net/web-design/How-to-Create-a-Blog-with-Your-own-Domain-in-45-Minutes-Even-if-you-Have-Zero-web-Design-Experience
Web Design and Marketing Strategies (SAMPLE)," Edward B. Toupin | Web Design 				Rating:      Rated: 6 times 				Format: PDF, ePub, Kindle, TXT ","The secret is finally out! Download this FREE, ready for download eBook, and discover how to enhance your Internet presence and watch your page hits skyrocket! Market your site using a marketing plan from a successful real estate site. Download now!",https://www.free-ebooks.net/web-design/Web-Design-and-Marketing-Strategies-SAMPLE
Traffic Conversion Secrets," Traffic Conversion Secrets | Web Design 				Rating:      Rated: 4 times 				Format: PDF, ePub, Kindle, TXT ","Download this FREE eBook, and discover 12 simple things that you can do right now to improve your website visitor conversion rates. Website traffic conversion is more important than  drawing traffic to your website. If you are not converting your website visitors into buyers, you need to download...",https://www.free-ebooks.net/web-design/Traffic-Conversion-Secrets
Link Building Made Easy," Stonham Publishing | Web Design 				Rating:      Rated: 8 times 				Format: PDF, ePub, Kindle, TXT ","Download this FREE eBook, and discover how to boost your website traffic and popularity with extra inbound links. Download now! 
",https://www.free-ebooks.net/web-design/Link-Building-Made-Easy
Developing Web Pages Using Microsoft's Front Page Express," David Berghouse | Web Design 				Rating:      Rated: 10 times 				Format: PDF, ePub, Kindle, TXT ","Download this FREE eBook, and discover how to create a basic website with FrontPage Express, the freeware 'lite' version of FrontPage. Download now!",https://www.free-ebooks.net/web-design/Developing-Web-Pages-Using-Microsoft-s-Front-Page-Express
Developing Web Pages Using HTML," David Berghouse | Web Design 				Rating:      Rated: 47 times 				Format: PDF, ePub, Kindle, TXT ","Want to learn something about what goes on ""under the bonnet"" of a Web page? Then download this FREE eBook that includes a self-paced HTML tutorial, and get ready to learn!",https://www.free-ebooks.net/web-design/Developing-Web-Pages-Using-HTML
The Affiliate Marketing Blueprint," Affiliate Marketing Blueprint | Web Design 				Rating:      Rated: 13 times 				Format: PDF, ePub, Kindle, TXT ","Download this FREE eBook, and learn how to become a super affiliate in niche markets!
",https://www.free-ebooks.net/web-design/The-Affiliate-Marketing-Blueprint
Website Development (A to Z for Beginners) [SAMPLE]," Edward B. Toupin | Web Design 				Rating:      Rated: 27 times 				Format: PDF, ePub, Kindle, TXT ","A FREE, ready for download eBook for the novice website developer who has a desire to learn HTML development. Download this FREE eBook, and learn how to create HTML pages using code and WYSIWYG editors. Understand how to integrate Java applets, JavaScript, and PERL scripts into your Web pages...",https://www.free-ebooks.net/web-design/Website-Development-A-to-Z-for-Beginners-SAMPLE
Web Design in 7 Days Tutorial," Siamak Sarmady | Web Design 				Rating:      Rated: 19 times 				Format: PDF, ePub, Kindle, TXT ","This FREE, ready for download eBook includes an excellent beginner's tutorial on HTML and basic website design elements. Download today!",https://www.free-ebooks.net/web-design/Web-Design-in-7-Days-Tutorial
Questions to Ask Your Web Designer," Garland Coulson | Web Design 				Rating:      Rated: 10 times 				Format: PDF, ePub, Kindle, TXT ","Many web designers have a design and programming background, but are not trained nor experienced in Internet marketing. In this FREE e-book, “The E-Business Tutor”, Garland Coulson, will teach you what to ask when selecting or working with a web designer, to ensure that your website sells your...",https://www.free-ebooks.net/web-design/Questions-to-Ask-Your-Web-Designer
KickStart Tutorial XML," Jan Kampherbeek | Web Design 				Rating:      Rated: 13 times 				Format: PDF, ePub, Kindle, TXT ",KickStart Tutorial XML. Download now!,https://www.free-ebooks.net/web-design/KickStart-Tutorial-XML
Unlimited Web Space," Vincent Severson | Web Design 				Rating:      Rated: 4 times 				Format: PDF, ePub, Kindle, TXT ","Download this FREE eBook, and discover how to get free unlimited Web space.  Download now!",https://www.free-ebooks.net/web-design/Unlimited-Web-Space
Create Your Own Website In 30 Minutes and Succeed In Google," John Walker | Web Design 				Rating:      Rated: 62 times 				Format: PDF, ePub, Kindle, TXT ","Would you like to create a great-looking, quality website in less than 30 minutes? Finally a real beginner's guide for creating websites in three (3) easy three steps! No designing, coding, or experience necessary!

 This FREE, ready for download eBook will also walk you through: 
1)A very...",https://www.free-ebooks.net/web-design/Create-Your-Own-Website-In-30-Minutes-and-Succeed-In-Google
Create Your Own Remarkable Website," VATrainingOnline.com | Web Design 				Rating:      Rated: 30 times 				Format: PDF, ePub, Kindle, TXT ","Easy step-by-step tutorial on creating your own remarkable website that pulls in clients. No HTML. No CSS. No Geek Speak. Excellent for virtual assistants, online freelancers, or for those who are struggling to find clients online. Download this FREE eBook now!",https://www.free-ebooks.net/web-design/Create-Your-Own-Remarkable-Website
Create Your First Website By 3:45 This Afternoon," Chris Farrell | Web Design 				Rating:      Rated: 97 times 				Format: PDF, ePub, Kindle, TXT ","This book was created and written by Chris Farrell, who began Internet marketing in February of 2008. Within six (6) months, he was experiencing his first $250 per day day. Within nine (9) months, he had his first $1,000 per day day (all figures are verifiable). Chris is now a full-time Internet...",https://www.free-ebooks.net/web-design/Create-Your-First-Website-By-3-45-This-Afternoon
